,MAE,RMSE,MAPE,sMAPE,training_time,total_time
SARIMA,1.4879198510034621,1.9003158182429145,46.56413063680131,36.232260531690436,5.190668344497681,5.246722221374512
Prophet,1.6539316003596696,2.014246417506741,47.23363775758326,41.08900311033026,0.3458695411682129,0.3965492248535156
XGBoost,1.3512589779305966,1.6757002904627356,267092326.66959694,34.2070565071233,2.1625547409057617,2.2197842597961426
