Model,MAE,RMSE,MAPE,sMAPE,Training_Time,Overall_Rank
XGBoost,1.3512589779305966,1.6757002904627356,267092326.66959694,34.2070565071233,0.9770753383636475,10
LSTM,1.4540464964465818,1.838379698456607,45.073879106526874,35.93998062834617,4.792714595794678,0
