{
  "model": "SARIMA",
  "timestamp": "2026-02-10T15:10:09.845150",
  "metrics": {
    "MAE": 1.4879198510034621,
    "RMSE": 1.9003158182429145,
    "MAPE": 46.56413063680131,
    "sMAPE": 36.232260531690436,
    "training_time": 5.440337181091309,
    "total_time": 5.490315914154053,
    "model_order": "(0, 0, 0)",
    "seasonal_order": "(1, 0, 0, 7)"
  },
  "data_points": {
    "train_size": 577,
    "test_size": 145,
    "prediction_length": 145
  }
}