{
  "timestamp": "2026-02-11T09:26:16.317637",
  "total_runtime": 10.396775245666504,
  "models_tested": 3,
  "models_failed": 0,
  "failed_models": [],
  "ranking": {
    "MAE": {
      "SARIMA": 1.4879198510034621,
      "Prophet": 1.6539316003596696,
      "XGBoost": 1.3512589779305966
    },
    "RMSE": {
      "SARIMA": 1.9003158182429145,
      "Prophet": 2.014246417506741,
      "XGBoost": 1.6757002904627356
    },
    "MAPE": {
      "SARIMA": 46.56413063680131,
      "Prophet": 47.23363775758326,
      "XGBoost": 267092326.66959694
    },
    "sMAPE": {
      "SARIMA": 36.232260531690436,
      "Prophet": 41.08900311033026,
      "XGBoost": 34.2070565071233
    },
    "training_time": {
      "SARIMA": 5.190668344497681,
      "Prophet": 0.3458695411682129,
      "XGBoost": 2.1625547409057617
    },
    "total_time": {
      "SARIMA": 5.246722221374512,
      "Prophet": 0.3965492248535156,
      "XGBoost": 2.2197842597961426
    }
  },
  "best_model": "SARIMA",
  "best_mape": 46.56413063680131
}