{
  "model": "XGBoost",
  "timestamp": "2026-02-11T09:26:15.097066",
  "metrics": {
    "MAE": 1.3512589779305966,
    "RMSE": 1.6757002904627356,
    "MAPE": 267092326.66959694,
    "sMAPE": 34.2070565071233,
    "training_time": 2.1625547409057617,
    "total_time": 2.2197842597961426,
    "n_features": 20,
    "n_trees": 200
  },
  "data_points": {
    "train_size": 560,
    "test_size": 141,
    "n_features": 20,
    "prediction_length": 141
  }
}