mean_diff,mean_rel_diff,std_diff,std_rel_diff,min_diff,min_rel_diff,max_diff,max_rel_diff,trend_diff,trend_rel_diff,real_stats,synthetic_stats
0.00237103253784543,0.0005706284974414668,0.049085277356903934,0.025066153712858197,5.487270790598046,5.487270790598046,0.24186011539980967,0.01860462426152382,0.5419029535043884,0.5419029535043884,"{'mean': np.float64(4.1551246537396125), 'std': np.float64(1.9582293286474437), 'min': np.int64(1), 'max': np.int64(13), 'trend': np.int64(-1)}","{'mean': np.float64(4.157495686277458), 'std': np.float64(2.0073146060043476), 'min': np.float64(-4.487270790598046), 'max': np.float64(13.24186011539981), 'trend': np.float64(-0.4580970464956116)}"
